{
  "id": "oauth-plugin",
  "name": "OAuth Authentication Plugin",
  "version": "1.0.0",
  "description": "Add OAuth social login capabilities with support for Google, GitHub, Facebook, and LinkedIn",
  "author": {
    "name": "OAuth Team",
    "email": "oauth@modularapp.com"
  },
  "license": "MIT",
  "keywords": ["oauth", "authentication", "social-login", "integration"],
  "category": "integration",
  "compatibility": {
    "nextjs": "^15.0.0",
    "app": "^1.0.0"
  },
  "dependencies": {},
  "permissions": [
    "database:read",
    "database:write",
    "api:create",
    "admin:access",
    "users:read",
    "users:write",
    "settings:read",
    "settings:write"
  ],
  "main": "index.js",
  "routes": [
    {
      "path": "/oauth/callback/google",
      "method": "GET",
      "handler": "routes/callback.js"
    },
    {
      "path": "/oauth/callback/github",
      "method": "GET",
      "handler": "routes/callback.js"
    },
    {
      "path": "/oauth/callback/facebook",
      "method": "GET",
      "handler": "routes/callback.js"
    },
    {
      "path": "/oauth/callback/linkedin",
      "method": "GET",
      "handler": "routes/callback.js"
    },
    {
      "path": "/oauth/providers",
      "method": "GET", 
      "handler": "routes/providers.js"
    },
    {
      "path": "/oauth/config",
      "method": "GET",
      "handler": "routes/config.js",
      "permissions": ["admin:access"]
    },
    {
      "path": "/oauth/config",
      "method": "PUT",
      "handler": "routes/config.js", 
      "permissions": ["admin:access", "settings:write"]
    }
  ],
  "adminPages": [
    {
      "path": "/oauth-settings",
      "title": "OAuth Providers",
      "icon": "Shield",
      "component": "admin/oauth-settings.jsx"
    }
  ],
  "dashboardWidgets": [
    {
      "id": "oauth-stats",
      "title": "OAuth Login Statistics",
      "component": "widgets/oauth-stats.jsx",
      "size": "medium"
    }
  ]
}